지정호수,문화재명(국문),주요사이트,도서자료,기타웹사이트,인터넷기사,논문
1,서울 숭례문,위키피디아;한국민족문화대백과사전;문화재청,,,,
2,서울 원각사지 십층석탑,위키피디아;한국민족문화대백과사전;문화재청,,,,
3,서울 북한산 신라 진흥왕 순수비,위키피디아;한국민족문화대백과사전;문화재청,"권동현, [집에서 찾아가는 서울의 보물], 브레인스토어(2020)(p123)",,,
4,여주 고달사지 승탑,위키피디아;한국민족문화대백과사전;문화재청,,,,
5,보은 법주사 쌍사자 석등,위키피디아;한국민족문화대백과사전;문화재청,,,,
6,충주 탑평리 칠층석탑,위키피디아;한국민족문화대백과사전;문화재청,,,,
7,천안 봉선홍경사 갈기비,위키피디아;한국민족문화대백과사전;문화재청,,,,
8,보령 성주사지 낭혜화상탑비,위키피디아;한국민족문화대백과사전;문화재청,,,,
9,부여 정림사지 오층석탑,위키피디아;한국민족문화대백과사전;문화재청,,,,
10,남원 실상사 백장암 삼층석탑,위키피디아;한국민족문화대백과사전;문화재청,,,,
11,익산 미륵사지 석탑,위키피디아;한국민족문화대백과사전;문화재청,,,,
12,구례 화엄사 각황전 앞 석등,위키피디아;한국민족문화대백과사전;문화재청,,,,
13,강진 무위사 극락보전,위키피디아;한국민족문화대백과사전;문화재청,,,,
14,영천 거조사 영산전,위키피디아;한국민족문화대백과사전;문화재청,,,,
15,안동 봉정사 극락전,위키피디아;한국민족문화대백과사전;문화재청,,,,
16,안동 법흥사지 칠층전탑,위키피디아;한국민족문화대백과사전;문화재청,,,,"송봉주. (2017). 안동 법흥사지 칠층전탑에 대한 고찰. 강좌미술사(p49, 171~207)"
17,영주 부석사 무량수전 앞 석등,위키피디아;한국민족문화대백과사전;문화재청,,"문화유산채널;
디지털영주문화대전",,
18,영주 부석사 무량수전,위키피디아;한국민족문화대백과사전;문화재청,,,,
19,영주 부석사 조사당,위키피디아;한국민족문화대백과사전;문화재청,,,,
20,경주 불국사 다보탑,위키피디아;한국민족문화대백과사전;문화재청,,,,
21,경주 불국사 삼층석탑,위키피디아;한국민족문화대백과사전;문화재청,,,,
22,경주 불국사 연화교 및 칠보교,위키피디아;한국민족문화대백과사전;문화재청,,,,
23,경주 불국사 청운교 및 백운교,위키피디아;한국민족문화대백과사전;문화재청,,,,
24,경주 석굴암 석굴,위키피디아;한국민족문화대백과사전;문화재청,,,,
25,경주 태종무열왕릉비,위키피디아;한국민족문화대백과사전;문화재청,,,,
26,경주 불국사 금동비로자나불좌상,위키피디아;한국민족문화대백과사전;문화재청,,문화유산채널,"김현태 기자, '문화유산 '기와'테마 전문 전시공간 개관', 법보신문, 2022-01-27",
27,경주 불국사 금동아미타여래좌상,위키피디아;한국민족문화대백과사전;문화재청,,,,
28,경주 백률사 금동약사여래입상,위키피디아;한국민족문화대백과사전;문화재청,,,,
29,성덕대왕신종,위키피디아;한국민족문화대백과사전;문화재청,,,,
30,경주 분황사 모전석탑,위키피디아;한국민족문화대백과사전;문화재청,,,,
31,경주 첨성대,위키피디아;한국민족문화대백과사전;문화재청,,,,
32,합천 해인사 대장경판,위키피디아;한국민족문화대백과사전;문화재청,,,,
33,창녕 신라 진흥왕 척경비,위키피디아;한국민족문화대백과사전;문화재청,,,,
34,창녕 술정리 동 삼층석탑,위키피디아;한국민족문화대백과사전;문화재청,,,,
35,구례 화엄사 사사자 삼층석탑,위키피디아;한국민족문화대백과사전;문화재청,,,,
36,상원사 동종,위키피디아;한국민족문화대백과사전;문화재청,,문화유산채널,,
37,경주 황복사지 삼층석탑,위키피디아;한국민족문화대백과사전;문화재청,,,,
38,경주 고선사지 삼층석탑,위키피디아;한국민족문화대백과사전;문화재청,,,,
39,경주 나원리 오층석탑,위키피디아;한국민족문화대백과사전;문화재청,,,,
40,경주 정혜사지 십삼층석탑,위키피디아;한국민족문화대백과사전;문화재청,,,,
41,청주 용두사지 철당간,위키피디아;한국민족문화대백과사전;문화재청,,,,
42,순천 송광사 목조삼존불감,위키피디아;한국민족문화대백과사전;문화재청,,,,
43,혜심 고신제서,위키피디아;한국민족문화대백과사전;문화재청,,한국학중앙연구원-향토문화전자대전,,
44,장흥 보림사 남·북 삼층석탑 및 석등,위키피디아;한국민족문화대백과사전;문화재청,,,,
45,영주 부석사 소조여래좌상,위키피디아;한국민족문화대백과사전;문화재청,,,,
46,부석사 조사당 벽화,위키피디아;한국민족문화대백과사전;문화재청,,문화유산채널,,
47,하동 쌍계사 진감선사탑비,위키피디아;한국민족문화대백과사전;문화재청,,,,
48-1,평창 월정사 팔각 구층석탑,위키피디아;한국민족문화대백과사전;문화재청,,,,
48-2,평창 월정사 석조보살좌상,위키피디아;한국민족문화대백과사전;문화재청,,,,
49,예산 수덕사 대웅전,위키피디아;한국민족문화대백과사전;문화재청,,,,
50,영암 도갑사 해탈문,위키피디아;한국민족문화대백과사전;문화재청,,,,
51,강릉 임영관 삼문,위키피디아;한국민족문화대백과사전;문화재청,,문화유산채널,,
52,합천 해인사 장경판전,위키피디아;한국민족문화대백과사전;문화재청,,,,
53,구례 연곡사 동 승탑,위키피디아;한국민족문화대백과사전;문화재청,,,,
54,구례 연곡사 북 승탑,위키피디아;한국민족문화대백과사전;문화재청,,,,
55,보은 법주사 팔상전,위키피디아;한국민족문화대백과사전;문화재청,,문화유산채널,,
56,순천 송광사 국사전,위키피디아;한국민족문화대백과사전;문화재청,,,,
57,화순 쌍봉사 철감선사탑,위키피디아;한국민족문화대백과사전;문화재청,,,,
58,청양 장곡사 철조약사여래좌상 및 석조대좌,위키피디아;한국민족문화대백과사전;문화재청,,,,
59,원주 법천사지 지광국사탑비,위키피디아;한국민족문화대백과사전;문화재청,,,,
60,청자 사자형뚜껑 향로,위키피디아;한국민족문화대백과사전;문화재청,,,,
61,청자 어룡형 주전자,위키피디아;한국민족문화대백과사전;문화재청,도재기.[국보 역사로 읽고 보다].이야기가있는집.2016(p339),"두산백과;
국립중앙박물관",,
62,김제 금산사 미륵전,위키피디아;한국민족문화대백과사전;문화재청,,문화유산채널,,
63,철원 도피안사 철조비로자나불좌상,위키피디아;한국민족문화대백과사전;문화재청,,,,
64,보은 법주사 석련지,위키피디아;한국민족문화대백과사전;문화재청,,,,
65,청자 기린형뚜껑 향로,위키피디아;한국민족문화대백과사전;문화재청,도재기.[국보 역사로 읽고 보다].이야기가있는집.2016(p342);진홍섭.[청자와 백자].세종대왕기념사업회(1999-2판).(p76),"네이버지식백과-간송미술재단;
네이버지식백과-두산백과,",,
66,청자 상감연지원앙문 정병,위키피디아;한국민족문화대백과사전;문화재청,,,,
67,구례 화엄사 각황전,위키피디아;한국민족문화대백과사전;문화재청,,,,
68,청자 상감운학문 매병,위키피디아;한국민족문화대백과사전;문화재청,,,,
69,심지백 개국원종공신녹권,위키피디아;한국민족문화대백과사전;문화재청,,,,
70,훈민정음,위키피디아;한국민족문화대백과사전;문화재청,,,,
71,"동국정운 권1, 6",위키피디아;한국민족문화대백과사전;문화재청,이광표.[한국의 국보].컬처북스.2014(p490),,,
72,금동계미명삼존불입상,위키피디아;한국민족문화대백과사전;문화재청,,,,
73,금동삼존불감,위키피디아;한국민족문화대백과사전;문화재청,,,,
74,청자 오리모양 연적,위키피디아;한국민족문화대백과사전;문화재청,도재기.[국보 역사로 읽고 보다].이야기가있는집.2016(p341);진홍섭.[청자와 백자].세종대왕기념사업회(1999-2판).(p73),두산백과,,
75,표충사 청동 은입사 향완,위키피디아;한국민족문화대백과사전;문화재청,,,,
76,이순신 난중일기 및 서간첩 임진장초,위키피디아;한국민족문화대백과사전;문화재청,,,,
77,의성 탑리리 오층석탑,위키피디아;한국민족문화대백과사전;문화재청,,의성군 문화관광,,
78,금동미륵보살반가사유상,위키피디아;한국민족문화대백과사전;문화재청,,,,
79,경주 구황동 금제여래좌상,위키피디아;한국민족문화대백과사전;문화재청,,,,
80,경주 구황동 금제여래입상,위키피디아;한국민족문화대백과사전;문화재청,,,,
81,경주 감산사 석조미륵보살입상,위키피디아;한국민족문화대백과사전;문화재청,,,,
82,경주 감산사 석조아미타여래입상,위키피디아;한국민족문화대백과사전;문화재청,,,,
83,금동미륵보살반가사유상,위키피디아;한국민족문화대백과사전;문화재청,,,,
84,서산 용현리 마애여래삼존상,위키피디아;한국민족문화대백과사전;문화재청,,,,
85,금동신묘명삼존불입상,위키피디아;한국민족문화대백과사전;문화재청,,,,
86,개성 경천사지 십층석탑,위키피디아;한국민족문화대백과사전;문화재청,,,,
87,금관총 금관 및 금제 관식,위키피디아;한국민족문화대백과사전;문화재청,이광표.[한국의 국보].컬처북스.2014(p493);유홍준.[국보순례].눌와.2017(p86),,,
88,금관총 금제 허리띠,위키피디아;한국민족문화대백과사전;문화재청,,,,
89,평양 석암리 금제 띠고리,위키피디아;한국민족문화대백과사전;문화재청,,,,
90,경주 부부총 금귀걸이,위키피디아;한국민족문화대백과사전;문화재청,이광표.[한국의 국보].컬처북스.2014(p493),국립중앙박물관,,
91,도기 기마인물형 명기,위키피디아;한국민족문화대백과사전;문화재청,이광표.[한국의 국보].컬처북스.2014(p494),국립중앙박물관,,
92,청동 은입사 포류수금문 정병,위키피디아;한국민족문화대백과사전;문화재청,,"문화유산채널;
국립중앙박물관",,
93,백자 철화포도원숭이문 항아리,위키피디아;한국민족문화대백과사전;문화재청,"유홍준, 윤용이.[알기 쉬운 한국 도자사]. 경기도, 세계도자기엑스포조직위원회(2001)(p150)",,,
94,청자 참외모양 병,위키피디아;한국민족문화대백과사전;문화재청,"도재기.[국보 역사로 읽고 보다].이야기가있는집.2016(p336);유홍준, 윤용이.[알기 쉬운 한국 도자사]. 경기도, 세계도자기엑스포조직위원회(2001)(p15);진홍섭.[청자와 백자].세종대왕기념사업회(1999-2판)(p78);[우리 도자 이야기].재단업인세계도자기엑스포(2004)(p34)",,,
95,청자 투각칠보문뚜껑 향로,위키피디아;한국민족문화대백과사전;문화재청,,,,
96,청자 구룡형 주전자,위키피디아;한국민족문화대백과사전;문화재청,도재기.[국보 역사로 읽고 보다].이야기가있는집.2016(p339);정양모.[고려 청자].대원사(1998)(p52),문화유산채널,,
97,청자 음각연화당초문 매병,위키피디아;한국민족문화대백과사전;문화재청,도재기.[국보 역사로 읽고 보다].이야기가있는집.2016(p334);정양모.[고려 청자].대원사(1998)(p51),"두산백과;
국립중앙박물관",,
98,청자 상감모란문 항아리,위키피디아;한국민족문화대백과사전;문화재청,도재기.[국보 역사로 읽고 보다].이야기가있는집.2016(p340);정양모.[고려 청자].대원사(1998)(p84),"문화유산채널;
국립중앙박물관",,
99,김천 갈항사지 동·서 삼층석탑,위키피디아;한국민족문화대백과사전;문화재청,,,,
100,개성 남계원지 칠층석탑,위키피디아;한국민족문화대백과사전;문화재청,,,,
101,원주 법천사지 지광국사탑,위키피디아;한국민족문화대백과사전;문화재청,,,,
102,충주 정토사지 홍법국사탑,위키피디아;한국민족문화대백과사전;문화재청,,,,
103,광양 중흥산성 쌍사자 석등,위키피디아;한국민족문화대백과사전;문화재청,,,,
104,전 원주 흥법사지 염거화상탑,위키피디아;한국민족문화대백과사전;문화재청,,,,
105,산청 범학리 삼층석탑,위키피디아;한국민족문화대백과사전;문화재청,,,,
106,계유명전씨아미타불비상,위키피디아;한국민족문화대백과사전;문화재청,,,,
107,백자 철화포도문 항아리,위키피디아;한국민족문화대백과사전;문화재청,,,,
108,계유명삼존천불비상,위키피디아;한국민족문화대백과사전;문화재청,,,,
109,군위 아미타여래삼존 석굴,위키피디아;한국민족문화대백과사전;문화재청,,,,
110,이제현 초상,위키피디아;한국민족문화대백과사전;문화재청,,,,
111,안향 초상,위키피디아;한국민족문화대백과사전;문화재청,,,,
112,경주 감은사지 동·서 삼층석탑,위키피디아;한국민족문화대백과사전;문화재청,,,,
113,청자 철화양류문 통형 병,위키피디아;한국민족문화대백과사전;문화재청,도재기.[국보 역사로 읽고 보다].이야기가있는집.2016(p338);정양모.[고려 청자].대원사(1998)(p128~129),,,
114,청자 상감모란국화문 참외모양 병,위키피디아;한국민족문화대백과사전;문화재청,도재기.[국보 역사로 읽고 보다].이야기가있는집.2016(p335~336);정양모.[고려 청자].대원사(1998)(p78),,,
115,청자 상감당초문 완,위키피디아;한국민족문화대백과사전;문화재청,,,,
116,청자 상감모란문 표주박모양 주전자,위키피디아;한국민족문화대백과사전;문화재청,도재기.[국보 역사로 읽고 보다].이야기가있는집.2016(p338);정양모.[고려 청자].대원사(1998)(p82),,,
117,장흥 보림사 철조비로자나불좌상,위키피디아;한국민족문화대백과사전;문화재청,,,,
118,금동미륵보살반가사유상,위키피디아;한국민족문화대백과사전;문화재청,,,,
119,금동연가7년명여래입상,위키피디아;한국민족문화대백과사전;문화재청,,,,
120,용주사 동종,위키피디아;한국민족문화대백과사전;문화재청,,,,
121,안동 하회탈 및 병산탈,위키피디아;한국민족문화대백과사전;문화재청,,,,
122,양양 진전사지 삼층석탑,위키피디아;한국민족문화대백과사전;문화재청,,,,
123,익산 왕궁리 오층석탑 사리장엄구,위키피디아;한국민족문화대백과사전;문화재청,,,,"한정호. (2009). 익산 왕궁리 오층석탑과 사리장엄구 연구. 신라사학보(p16, p149~195)"
124,강릉 한송사지 석조보살좌상,위키피디아;한국민족문화대백과사전;문화재청,,,,
125,녹유골호(부석제외함),위키피디아;한국민족문화대백과사전;문화재청,[우리 도자 이야기].재단업인세계도자기엑스포(2004)(p28~29),,,
126,불국사 삼층석탑 사리장엄구,위키피디아;한국민족문화대백과사전;문화재청,,,,
127,서울 삼양동 금동관음보살입상,위키피디아;한국민족문화대백과사전;문화재청,"권동현, [집에서 찾아가는 서울의 보물], 브레인스토어(2020)(p164)",,,
128,금동관음보살입상,위키피디아;한국민족문화대백과사전;문화재청,,,,
129,금동보살입상,위키피디아;한국민족문화대백과사전;문화재청,,,,
130,구미 죽장리 오층석탑,위키피디아;한국민족문화대백과사전;문화재청,,,,
131,고려말 화령부 호적 관련 고문서,위키피디아;한국민족문화대백과사전;문화재청,,,,
132,징비록,위키피디아;한국민족문화대백과사전;문화재청,,,,
133,청자 동화연화문 표주박모양 주전자,위키피디아;한국민족문화대백과사전;문화재청,도재기.[국보 역사로 읽고 보다].이야기가있는집.2016(p339),,,
134,금동보살삼존입상,위키피디아;한국민족문화대백과사전;문화재청,,,,
135,신윤복 필 풍속도 화첩,위키피디아;한국민족문화대백과사전;문화재청,,,,
136,금동 용두보당,위키피디아;한국민족문화대백과사전;문화재청,도재기.[국보 역사로 읽고 보다].이야기가있는집.2016,,,
137-1,대구 비산동 청동기 일괄 - 검 및 칼집 부속,위키피디아;한국민족문화대백과사전;문화재청,"이종선.[리 컬렉션 : 호암에서 리움까지, 삼성가의 수집과 국보 탄생기].김영사(2016)",,,
137-2,대구 비산동 청동기 일괄 - 투겁창 및 꺾창,위키피디아;한국민족문화대백과사전;문화재청,"이종선.[리 컬렉션 : 호암에서 리움까지, 삼성가의 수집과 국보 탄생기].김영사(2016)",,,
138,전 고령 금관 및 장신구 일괄,위키피디아;한국민족문화대백과사전;문화재청,,,,
139,김홍도 필 군선도 병풍,위키피디아;한국민족문화대백과사전;문화재청,,,,
140,나전 화문 동경,위키피디아;한국민족문화대백과사전;문화재청,,,,
141,정문경,위키피디아;한국민족문화대백과사전;문화재청,,,,
142,동국정운,위키피디아;한국민족문화대백과사전;문화재청,,,,
143,화순 대곡리 청동기 일괄,위키피디아;한국민족문화대백과사전;문화재청,,,,
144,영암 월출산 마애여래좌상,위키피디아;한국민족문화대백과사전;문화재청,,,,
145,귀면 청동로,위키피디아;한국민족문화대백과사전;문화재청,도재기.[국보 역사로 읽고 보다].이야기가있는집.2016,,"김강호 기자. '한국인에게 익숙한 귀신, 도깨비를 소재로 한 문양인 '귀면문', HandMaker, 2020-07-20",
146,전 논산 청동방울 일괄,위키피디아;한국민족문화대백과사전;문화재청,,,,
147,울주 천전리 각석,위키피디아;한국민족문화대백과사전;문화재청,,,,
148-1,십칠사찬고금통요 권16,위키피디아;한국민족문화대백과사전;문화재청,,,"추성국 기자, '십칠사찬고금통요 .송조표전총류 - 국보 제148. 150호', 문화저널21, 2009-01-08;
김수영 기자, ""국보·보물이 '너덜너덜'…규장각 소장 문화재 관리 엉망"", 노컷뉴스, 2010-11-22",
148-2,십칠사찬고금통요 권17,위키피디아;한국민족문화대백과사전;문화재청,,국립중앙도서관,,
149-1,"동래선생교정북사상절 권4, 5",위키피디아;한국민족문화대백과사전;문화재청,,간송미술문화재단,,
149-2,동래선생교정북사상절 권6,위키피디아;한국민족문화대백과사전;문화재청,,,"강효백 경의대 법무대학원 교수, '문화재청 국보 지정 '허점 투성이'<2>', 아주경제, 2021-01-21",
150,송조표전총류 권7,위키피디아;한국민족문화대백과사전;문화재청,,,,
151-1,조선왕조실록 정족산사고본,위키피디아;한국민족문화대백과사전;문화재청,,,,
151-2,조선왕조실록 태백산사고본,위키피디아;한국민족문화대백과사전;문화재청,,,,
151-3,조선왕조실록 오대산사고본,위키피디아;한국민족문화대백과사전;문화재청,,,,
151-4,조선왕조실록 적상산사고본,위키피디아;한국민족문화대백과사전;문화재청,,,,
151-5,조선왕조실록 봉모당본,위키피디아;한국민족문화대백과사전;문화재청,,,,
151-6,조선왕조실록 낙질 및 산엽본,위키피디아;한국민족문화대백과사전;문화재청,,,,
152,비변사등록,위키피디아;한국민족문화대백과사전;문화재청,,,,
153,일성록,위키피디아;한국민족문화대백과사전;문화재청,,,,
154,무령왕 금제 관식,위키피디아;한국민족문화대백과사전;문화재청,,,,
155,무령왕비 금제 관식,위키피디아;한국민족문화대백과사전;문화재청,"권동현, [집에서 찾아가는 서울의 보물], 브레인스토어(2020)(p170)",디지털공주문화대전,,
156,무령왕 금귀걸이,위키피디아;한국민족문화대백과사전;문화재청,,,,
157,무령왕비 금귀걸이,위키피디아;한국민족문화대백과사전;문화재청,,,,
158,무령왕비 금목걸이,위키피디아;한국민족문화대백과사전;문화재청,,디지털공주문화대전,,
159,무령왕 금제 뒤꽂이,위키피디아;한국민족문화대백과사전;문화재청,,디지털공주문화대전,,
160,무령왕비 은팔찌,위키피디아;한국민족문화대백과사전;문화재청,"김태식, [직설 무령왕릉(권력은 왜 고고학 발굴에 열광했나)], 메디티미디어(2016)(p187)",디지털공주문화대전,,
161,무령왕릉 청동거울 일괄,위키피디아;한국민족문화대백과사전;문화재청,,,,
162,무령왕릉 석수,위키피디아;한국민족문화대백과사전;문화재청,,디지털공주문화대전,,
163,무령왕릉 지석,위키피디아;한국민족문화대백과사전;문화재청,,,,
164,무령왕비 베개,위키피디아;한국민족문화대백과사전;문화재청,"김태식, [직설 무령왕릉(권력은 왜 고고학 발굴에 열광했나)], 메디티미디어(2016)(p195)",디지털공주문화대전,,
165,무령왕 발받침,위키피디아;한국민족문화대백과사전;문화재청,"김태식, [직설 무령왕릉(권력은 왜 고고학 발굴에 열광했나)], 메디티미디어(2016)(p195)",디지털공주문화대전,,
166,백자 철화매죽문 항아리,위키피디아;한국민족문화대백과사전;문화재청,,,,
167,청자 인물형 주전자,위키피디아;한국민족문화대백과사전;문화재청,,국립중앙박물관,"조상인 기자, '[문화재의 향기]청자 인물형 주전자', 서울경제, 2019-01-28",
168,백자 동화매국문 병,위키피디아;한국민족문화대백과사전;문화재청,,,,
169,청자 양각죽절문 병,위키피디아;한국민족문화대백과사전;문화재청,도재기.[국보 역사로 읽고 보다].이야기가있는집.2016(p337);정양모.[고려 청자].대원사(1998)(p7),아트인포,,
170,백자 청화매조죽문 유개항아리,위키피디아;한국민족문화대백과사전;문화재청,,서울역사편찬원-서울의 문화재 (정부간행물),,
171,청동 은입사 봉황문 합,위키피디아;한국민족문화대백과사전;문화재청,,문화유산채널,,
172,진양군 영인정씨묘 출토 유물,위키피디아;한국민족문화대백과사전;문화재청,,,,
173,청자 퇴화점문 나한좌상,위키피디아;한국민족문화대백과사전;문화재청,도재기.[국보 역사로 읽고 보다].이야기가있는집.2016(p340~341),디지털강남문화대전,,
174,금동 수정 장식 촛대,위키피디아;한국민족문화대백과사전;문화재청,,,,
175,백자 상감연화당초문 대접,위키피디아;한국민족문화대백과사전;문화재청,,"네이버 지식백과-도서발췌 (김영원, [한국 미의 재발견 - 도자공예], 솔출판사, 2004);
문화재청-국가문화유산포털;
서울역사편찬원-서울의 문화재 (정부간행물)",,
176,백자 청화‘홍치2년’명 송죽문 항아리,위키피디아;한국민족문화대백과사전;문화재청,,문화유산채널,"노형석 기자, ""왕실서 공양한 청화백자, 왜 화엄사를 떠났을까"", 네이트뉴스(한겨례 원문), 2021-11-04","이종호.""문화유산 속 과학-조선왕조의 꽃 백자(II)."" 과학과 기술 40.1 (2007)(p81~83)"
177,분청사기 인화국화문 태항아리,위키피디아;한국민족문화대백과사전;문화재청,,,,
178,분청사기 음각어문 편병,위키피디아;한국민족문화대백과사전;문화재청,,,,
179,분청사기 박지연화어문 편병,위키피디아;한국민족문화대백과사전;문화재청,,호림박물관,,"이종호.""문화유산 속 과학-가장 한국적이며 현대적인 ‘민족의자기’."" 과학과 기술 40.1 (2006)(p104~106)"
180,김정희 필 세한도,위키피디아;한국민족문화대백과사전;문화재청,,,,
181,장양수 홍패,위키피디아;한국민족문화대백과사전;문화재청,,디지털울진문화대전,,
182,구미 선산읍 금동여래입상,위키피디아;한국민족문화대백과사전;문화재청,,,,
183,구미 선산읍 금동보살입상,위키피디아;한국민족문화대백과사전;문화재청,,,,
184,구미 선산읍 금동보살입상,위키피디아;한국민족문화대백과사전;문화재청,,,,
185,상지은니 묘법연화경,위키피디아;한국민족문화대백과사전;문화재청,,불교중앙박물관,,
186,양평 신화리 금동여래입상,위키피디아;한국민족문화대백과사전;문화재청,"권동현, [집에서 찾아가는 서울의 보물], 브레인스토어(2020)(p181)",,,
187,영양 산해리 오층모전석탑,위키피디아;한국민족문화대백과사전;문화재청,,,,
188,천마총 금관,위키피디아;한국민족문화대백과사전;문화재청,,국립중앙박물관,,
189,천마총 관모,위키피디아;한국민족문화대백과사전;문화재청,,,,
190,천마총 금제 허리띠,위키피디아;한국민족문화대백과사전;문화재청,,,,
191,황남대총 북분 금관,위키피디아;한국민족문화대백과사전;문화재청,,,,
192,황남대총 북분 금제 허리띠,위키피디아;한국민족문화대백과사전;문화재청,,,,
193,경주 98호 남분 유리병 및 잔,위키피디아;한국민족문화대백과사전;문화재청,,,,
194,황남대총 남분 금목걸이,위키피디아;한국민족문화대백과사전;문화재청,,"전통문화포털;
경상북도청",,
195,토우장식 장경호,위키피디아;한국민족문화대백과사전;문화재청,,,,
196,"신라백지묵서 대방광불화엄경 주본 권1~10, 44~50",위키피디아;한국민족문화대백과사전;문화재청,,,,
197,충주 청룡사지 보각국사탑,위키피디아;한국민족문화대백과사전;문화재청,,,,
198,단양 신라 적성비,위키피디아;한국민족문화대백과사전;문화재청,,,,
199,경주 단석산 신선사 마애불상군,위키피디아;한국민족문화대백과사전;문화재청,,,,
200,금동보살입상,위키피디아;한국민족문화대백과사전;문화재청,,"부산시보;
부산박물관",,
201,봉화 북지리 마애여래좌상,위키피디아;한국민족문화대백과사전;문화재청,,,,
202,대방광불화엄경 진본 권37,위키피디아;한국민족문화대백과사전;문화재청,,현담문고,,
203,대방광불화엄경 주본 권6,위키피디아;한국민족문화대백과사전;문화재청,,,,
204,대방광불화엄경 주본 권36,위키피디아;한국민족문화대백과사전;문화재청,도재기.[국보 역사로 읽고 보다].이야기가있는집.2016,,"이보혁 기자, '[문화재순례] 국보 제277호 초조본 대방광불화엄경 주본 권36', 영남일보, 2013-12-31",
205,충주 고구려비,위키피디아;한국민족문화대백과사전;문화재청,,,,
206,합천 해인사 고려목판,위키피디아;한국민족문화대백과사전;문화재청,,,,
207,경주 천마총 장니 천마도,위키피디아;한국민족문화대백과사전;문화재청,,,,
208,도리사 세존사리탑 금동 사리기,위키피디아;한국민족문화대백과사전;문화재청,,,,
209,보협인석탑,위키피디아;한국민족문화대백과사전;문화재청,,,,
210,감지은니 불공견삭신변진언경 권13,위키피디아;한국민족문화대백과사전;문화재청,"김정희.[왕실, 권력 그리고 불화], 세창출판사(2019)",,,
211,백지묵서 묘법연화경,위키피디아;한국민족문화대백과사전;문화재청,,,,
212,대불정여래밀인수증요의제보살만행수능엄경(언해),위키피디아;한국민족문화대백과사전;문화재청,이광표.[한국의 국보].컬처북스.2014(p518),국립한글박물관,"강혜란 기자, '조선 과거 교재로 쓰인 풍수지리서, 첫 보물 된다', 중앙일보, 2019-10-29",
213,금동탑,위키피디아;한국민족문화대백과사전;문화재청,,,,
214,흥왕사명 청동 은입사 향완,위키피디아;한국민족문화대백과사전;문화재청,,문화재방송 한국,,
215,감지은니 대방광불화엄경 정원본 권31,위키피디아;한국민족문화대백과사전;문화재청,,,,
216,정선 필 인왕제색도,위키피디아;한국민족문화대백과사전;문화재청,,아트인포,,
217,정선 필 금강전도,위키피디아;한국민족문화대백과사전;문화재청,,,,
218,아미타삼존도,위키피디아;한국민족문화대백과사전;문화재청,,,,
219,백자 청화매죽문 항아리,위키피디아;한국민족문화대백과사전;문화재청,,,"유홍준 명지대교수, '[유홍준의 국보순례] [49] 청화백자 매죽문 항아리, 조선일보, 2010-03-06",
220,청자 상감용봉모란문 합 및 탁,위키피디아;한국민족문화대백과사전;문화재청,도재기.[국보 역사로 읽고 보다].이야기가있는집.2016(p340),,"조상인 기자, '문화재의 향기]청자상감 용봉모란문 그릇', 서울경제, 2019-01-18",
221,평창 상원사 목조문수동자좌상,위키피디아;한국민족문화대백과사전;문화재청,,,,
222,백자 청화매죽문 유개항아리,위키피디아;한국민족문화대백과사전;문화재청,유홍준.[국보순례].눌와.2017(p124),서울역사편찬원-서울의 문화재 (정부간행물),,
223,경복궁 근정전,위키피디아;한국민족문화대백과사전;문화재청,,,,
224,경복궁 경회루,위키피디아;한국민족문화대백과사전;문화재청,,,,
225,창덕궁 인정전,위키피디아;한국민족문화대백과사전;문화재청,,,,
226,창경궁 명정전,위키피디아;한국민족문화대백과사전;문화재청,,,,
227,종묘 정전,위키피디아;한국민족문화대백과사전;문화재청,,,,
228,천상열차분야지도 각석,위키피디아;한국민족문화대백과사전;문화재청,,,,
229,창경궁 자격루 누기,위키피디아;한국민족문화대백과사전;문화재청,,,,
230,혼천의 및 혼천시계,위키피디아;한국민족문화대백과사전;문화재청,,,,
231,전 영암 거푸집 일괄,위키피디아;한국민족문화대백과사전;문화재청,,,,
232,이화 개국공신녹권,위키피디아;한국민족문화대백과사전;문화재청,,,,
233-1,산청 석남암사지 석조비로자나불좌상,위키피디아;한국민족문화대백과사전;문화재청,,,,
233-2,산청 석남암사지 석조비로자나불좌상 납석사리호,위키피디아;한국민족문화대백과사전;문화재청,,,,
234,감지은니 묘법연화경,위키피디아;한국민족문화대백과사전;문화재청,,부산역사문화대전,,
235,감지금니 대방광불화엄경보현행원품,위키피디아;한국민족문화대백과사전;문화재청,,,,
236,경주 장항리 서 오층석탑,위키피디아;한국민족문화대백과사전;문화재청,,,,
237,고산구곡시화도 병풍,위키피디아;한국민족문화대백과사전;문화재청,이광표.[한국의 국보].컬처북스.2014(p523),두산백과,,
238,소원화개첩,위키피디아;한국민족문화대백과사전;문화재청,,서울역사편찬원-서울의 문화재 (정부간행물),,
239,송시열 초상,위키피디아;한국민족문화대백과사전;문화재청,,,,
240,윤두서 자화상,위키피디아;한국민족문화대백과사전;문화재청,,,,
241,초조본 대반야바라밀다경 권249,위키피디아;한국민족문화대백과사전;문화재청,,,,
242,울진 봉평리 신라비,위키피디아;한국민족문화대백과사전;문화재청,,,,
243,초조본 현양성교론 권11,위키피디아;한국민족문화대백과사전;문화재청,,국립중앙박물관,,
244,초조본 유가사지론 권17,위키피디아;한국민족문화대백과사전;문화재청,,,,
245,초조본 신찬일체경원품차록 권20,위키피디아;한국민족문화대백과사전;문화재청,,,,
246,초조본 대보적경 권59,위키피디아;한국민족문화대백과사전;문화재청,,,,
247,공주 의당 금동보살입상,위키피디아;한국민족문화대백과사전;문화재청,,,,
248,조선방역지도,위키피디아;한국민족문화대백과사전;문화재청,,,"최선웅, ""[최선웅의 고지도이야기 | 조선방역지도] 현존하는 지도 가운데 가장 오래된 조선방역지도"", 조선일보, 2021-11-20",
249-1,동궐도,위키피디아;한국민족문화대백과사전;문화재청,,,,
249-2,동궐도,위키피디아;한국민족문화대백과사전;문화재청,,,,
250,이원길 개국원종공신녹권,위키피디아;한국민족문화대백과사전;문화재청,,,,
251,초조본 대승아비달마잡집론 권14,위키피디아;한국민족문화대백과사전;문화재청,,,,
252,청자 음각‘효문’명 연화문 매병,위키피디아;한국민족문화대백과사전;문화재청,도재기.[국보 역사로 읽고 보다].이야기가있는집.2016(p335),나만의 문화유산 해설사,,
253,청자 양각연화당초상감모란문 은테 발,위키피디아;한국민족문화대백과사전;문화재청,도재기.[국보 역사로 읽고 보다].이야기가있는집.2016(p340),국립중앙박물관,,
254,청자 음각연화문 유개매병,위키피디아;한국민족문화대백과사전;문화재청,도재기.[국보 역사로 읽고 보다].이야기가있는집.2016(p334~335),,"조상인 기자, '[문화재의 향기]뚜껑있는 청자 매병', 서울경제, 20109-06-13",
255,전 덕산 청동방울 일괄,위키피디아;한국민족문화대백과사전;문화재청,,,,
256,초조본 대방광불화엄경 주본 권1,위키피디아;한국민족문화대백과사전;문화재청,,,,
257,초조본 대방광불화엄경 주본 권29,위키피디아;한국민족문화대백과사전;문화재청,,,,
258,백자 청화죽문 각병,위키피디아;한국민족문화대백과사전;문화재청,,"아트인포;
네이버 지식백과-두산백과",,
259,분청사기 상감운룡문 항아리,위키피디아;한국민족문화대백과사전;문화재청,[우리 도자 이야기].재단업인세계도자기엑스포(2004)(p56),서울역사편찬원-서울의 문화재 (정부간행물),,
260,분청사기 박지철채모란문 자라병,위키피디아;한국민족문화대백과사전;문화재청,,,,
261,백자 유개항아리,위키피디아;한국민족문화대백과사전;문화재청,,아트인포,,
262,백자 달항아리,위키피디아;한국민족문화대백과사전;문화재청,,국립중앙박물관,,
263,백자 청화산수화조문 항아리,위키피디아;한국민족문화대백과사전;문화재청,,서울역사편찬원-서울의 문화재 (정부간행물),,
264,포항 냉수리 신라비,위키피디아;한국민족문화대백과사전;문화재청,,,,
265,초조본 대방광불화엄경 주본 권13,위키피디아;한국민족문화대백과사전;문화재청,,,,
266,"초조본 대방광불화엄경 주본 권2,75",위키피디아;한국민족문화대백과사전;문화재청,,호림박물관,,
267,초조본 아비달마식신족론 권12,위키피디아;한국민족문화대백과사전;문화재청,,,,
268,"초조본 아비담비파사론 권11, 17",위키피디아;한국민족문화대백과사전;문화재청,,,,
269,초조본 불설최상근본대락금강불공삼매대교왕경 권6,위키피디아;한국민족문화대백과사전;문화재청,,호림박물관,,
270,청자 모자원숭이모양 연적,위키피디아;한국민족문화대백과사전;문화재청,정양모.[고려 청자].대원사(1998)(p753),"간송미술문화재단;
SBS 문화를 만나다",,
271,초조본 현양성교론 권12,위키피디아;한국민족문화대백과사전;문화재청,,,,
272,초조본 유가사지론 권32,위키피디아;한국민족문화대백과사전;문화재청,,,,
273,초조본 유가사지론 권15,위키피디아;한국민족문화대백과사전;문화재청,,,,
274,귀함별황자총통(1596년조),위키피디아;한국민족문화대백과사전;문화재청,,,,
275,도기 기마인물형 뿔잔,위키피디아;한국민족문화대백과사전;문화재청,,,,
276,초조본 유가사지론 권53,위키피디아;한국민족문화대백과사전;문화재청,,,,
277,초조본 대방광불화엄경 주본 권36,위키피디아;한국민족문화대백과사전;문화재청,,,,
278,태종11년이형원종공신록권부함,위키피디아;한국민족문화대백과사전;문화재청,,문화유산채널;국립고궁박물관,"최원열 논설위원, '[도청도설] 출산 가산점', 국제신문, 2010-01-08",
279,초조본 대방광불화엄경 주본 권74,위키피디아;한국민족문화대백과사전;문화재청,,,,
280,성거산 천흥사명 동종,위키피디아;한국민족문화대백과사전;문화재청,,,,
281,백자 병형 주전자,위키피디아;한국민족문화대백과사전;문화재청,,"호림박물관;
서울역사편찬원-서울의 문화재 (정부간행물)",,
282,영주 흑석사 목조아미타여래좌상 및 복장유물,위키피디아;한국민족문화대백과사전;문화재청,,,,
283,통감속편,위키피디아;한국민족문화대백과사전;문화재청,이광표.[한국의 국보].컬처북스.2014(p532),두산백과,,
284,"초조본 대반야바라밀다경 권162, 170, 463",위키피디아;한국민족문화대백과사전;문화재청,,,,
285,울주 대곡리 반구대 암각화,위키피디아;한국민족문화대백과사전;문화재청,,,,
286,백자 ‘천’ ‘지’ ‘현’ ‘황‘명 발,위키피디아;한국민족문화대백과사전;문화재청,,,,
287,백제 금동대향로,위키피디아;한국민족문화대백과사전;문화재청,,,,
288,부여 능산리사지 석조사리감,위키피디아;한국민족문화대백과사전;문화재청,,,,
289,익산 왕궁리 오층석탑,위키피디아;한국민족문화대백과사전;문화재청,,,,
290,양산 통도사 대웅전 및 금강계단,위키피디아;한국민족문화대백과사전;문화재청,,,,
291,용감수경 권3~4,위키피디아;한국민족문화대백과사전;문화재청,도재기.[국보 역사로 읽고 보다].이야기가있는집.2016,,,
292,평창 상원사 중창권선문,위키피디아;한국민족문화대백과사전;문화재청,이광표.[한국의 국보].컬처북스.2014(p534),월정사성보박물관,,
293,부여 규암리 금동관음보살입상,위키피디아;한국민족문화대백과사전;문화재청,,,,
294,백자 청화철채동채초충문 병,위키피디아;한국민족문화대백과사전;문화재청,,서울역사편찬원-서울의 문화재 (정부간행물),,
295,나주 신촌리 금동관,위키피디아;한국민족문화대백과사전;문화재청,,,,
296,칠장사 오불회 괘불탱,위키피디아;한국민족문화대백과사전;문화재청,,,,
297,안심사 영산회 괘불탱,위키피디아;한국민족문화대백과사전;문화재청,,,,
298,갑사 삼신불 괘불탱,위키피디아;한국민족문화대백과사전;문화재청,,,,
299,신원사 노사나불 괘불탱,위키피디아;한국민족문화대백과사전;문화재청,,디지털공주문화대전,,
300,장곡사 미륵불 괘불탱,위키피디아;한국민족문화대백과사전;문화재청,,,,
301,화엄사 영산회 괘불탱,위키피디아;한국민족문화대백과사전;문화재청,,,,
302,청곡사 영산회 괘불탱,위키피디아;한국민족문화대백과사전;문화재청,,,,
303,승정원일기,위키피디아;한국민족문화대백과사전;문화재청,,,,
304,여수 진남관,위키피디아;한국민족문화대백과사전;문화재청,,,,
305,통영 세병관,위키피디아;한국민족문화대백과사전;문화재청,,,,
306,삼국유사 권3~5,위키피디아;한국민족문화대백과사전;문화재청,,,,
306-2,삼국유사,위키피디아;한국민족문화대백과사전;문화재청,,,,
306-3,삼국유사 권1~2,위키피디아;한국민족문화대백과사전;문화재청,,,,
306-4,삼국유사 권4~5,위키피디아;한국민족문화대백과사전;문화재청,,,,
307,태안 동문리 마애삼존불입상,위키피디아;한국민족문화대백과사전;문화재청,,,,
308,해남 대흥사 북미륵암 마애여래좌상,위키피디아;한국민족문화대백과사전;문화재청,,,,
309,백자 달항아리,위키피디아;한국민족문화대백과사전;문화재청,,,,
310,백자 달항아리,위키피디아;한국민족문화대백과사전;문화재청,,,"김석, ""'경매 최고가 석권' 백자 달항아리 인기 비결은?"", KBS NEWS, 2019-07-08",
311,안동 봉정사 대웅전,위키피디아;한국민족문화대백과사전;문화재청,,,,
312,경주 남산 칠불암 마애불상군,위키피디아;한국민족문화대백과사전;문화재청,,,,
313,강진 무위사 극락전 아미타여래삼존벽화,위키피디아;한국민족문화대백과사전;문화재청,,,,
314,순천 송광사 화엄경변상도,위키피디아;한국민족문화대백과사전;문화재청,,,,
315,문경 봉암사 지증대사탑비,위키피디아;한국민족문화대백과사전;문화재청,,,,
316,완주 화암사 극락전,위키피디아;한국민족문화대백과사전;문화재청,,,,
317,조선태조어진,위키피디아;한국민족문화대백과사전;문화재청,,,,
318,포항 중성리 신라비,위키피디아;한국민족문화대백과사전;문화재청,,,,
319-1,동의보감,위키피디아;한국민족문화대백과사전;문화재청,,,,
319-2,동의보감,위키피디아;한국민족문화대백과사전;문화재청,,,,
319-3,동의보감,위키피디아;한국민족문화대백과사전;문화재청,,,,
320,월인천강지곡 권상,위키피디아;한국민족문화대백과사전;문화재청,,,,
321,문경 대승사 목각아미타여래설법상,위키피디아;한국민족문화대백과사전;문화재청,,,,
322-1,삼국사기,위키피디아;한국민족문화대백과사전;문화재청,,,,
322-2,삼국사기,위키피디아;한국민족문화대백과사전;문화재청,,,,
323,논산 관촉사 석조미륵보살입상,위키피디아;한국민족문화대백과사전;문화재청,,,,
324,이제 개국공신교서,위키피디아;한국민족문화대백과사전;문화재청,,,,
325,기사계첩,위키피디아;한국민족문화대백과사전;문화재청,,,,
326,청자 ‘순화4년’명 항아리,위키피디아;한국민족문화대백과사전;문화재청,,,,
327,부여 왕흥사지 출토 사리기,위키피디아;한국민족문화대백과사전;문화재청,,,,
328,예천 용문사 대장전과 윤장대,위키피디아;한국민족문화대백과사전;문화재청,,,,
329,공주 충청감영 측우기,위키피디아;한국민족문화대백과사전;문화재청,,,,
330,대구 경상감영 측우대,위키피디아;한국민족문화대백과사전;문화재청,,,,
331,창덕궁 이문원 측우대,위키피디아;한국민족문화대백과사전;문화재청,,,,
332,정선 정암사 수마노탑,위키피디아;한국민족문화대백과사전;문화재청,,,,
333,합천 해인사 건칠희랑대사좌상,위키피디아;한국민족문화대백과사전;문화재청,,,,
334,기사계첩 및 함,위키피디아;한국민족문화대백과사전;문화재청,,,,
335,이십공신회맹축-보사공신녹훈후,위키피디아;한국민족문화대백과사전;문화재청,,,,
336,구례 화엄사 목조비로자나삼신불좌상,위키피디아;한국민족문화대백과사전;문화재청,,,,